{"cameraMode":{"drawMode":0,"name":"Shaded","section":"Shading Mode"},"sceneLighting":true,"audioPlay":false,"sceneViewState":{"m_AlwaysRefresh":false,"showFog":true,"showSkybox":true,"showFlares":true,"showImageEffects":true,"showParticleSystems":true,"showVisualEffectGraphs":true,"m_FxEnabled":true},"in2DMode":false,"pivot":{"x":-44.26816940307617,"y":-11.234735488891602,"z":-61.04570007324219},"rotation":{"x":-0.23070263862609864,"y":-0.0035070825833827259,"z":0.0008311478304676712,"w":-0.9730230569839478},"size":43.419185638427737,"orthographic":true}